"messages","capacity","producer_bits","wall_ms","throughput_per_second","producer_cpu_ms","consumer_cpu_ms","total_cpu_ms","cpu_ns_per_message","latency_samples","latency_p50_ns","latency_p95_ns","latency_p99_ns","latency_max_ns","order","direction","round","variant"
"20000000","8","32","3439.4652","5814857.495869","3437.5","3421.875","6859.375","342.96875","78125","800","1100","1200","9700","1","x86-to-x64","1","current"
"20000000","8","32","3275.6295","6105696.63022","3265.625","3265.625","6531.25","326.5625","78125","800","1100","1200","16500","2","x86-to-x64","1","old-fence"
"20000000","8","32","3289.9862","6079052.854386","3265.625","3281.25","6546.875","327.34375","78125","800","1100","1200","148100","1","x86-to-x64","2","old-fence"
"20000000","8","32","3444.7422","5805949.716644","3453.125","3437.5","6890.625","344.53125","78125","800","1100","1200","18500","2","x86-to-x64","2","current"
"20000000","8","32","3390.0712","5899581.106143","3390.625","3359.375","6750","337.5","78125","800","1100","1300","13600","1","x86-to-x64","3","current"
"20000000","8","32","3360.2957","5951857.153524","3359.375","3343.75","6703.125","335.15625","78125","800","1100","1300","75700","2","x86-to-x64","3","old-fence"
"20000000","8","32","3330.7711","6004615.567849","3328.125","3328.125","6656.25","332.8125","78125","800","1100","1300","8100","1","x86-to-x64","4","old-fence"
"20000000","8","32","3478.8058","5749099.302985","3484.375","3468.75","6953.125","347.65625","78125","800","1100","1300","99600","2","x86-to-x64","4","current"
"20000000","8","32","3489.8284","5730940.810729","3484.375","3468.75","6953.125","347.65625","78125","800","1100","1300","27700","1","x86-to-x64","5","current"
"20000000","8","32","2733.5362","7316530.141434","2734.375","2734.375","5468.75","273.4375","78125","800","1100","1200","17300","2","x86-to-x64","5","old-fence"
"20000000","8","32","3310.317","6041717.454854","3312.5","3312.5","6625","331.25","78125","800","1100","1300","8400","1","x86-to-x64","6","old-fence"
"20000000","8","32","3445.7788","5804203.102068","3453.125","3453.125","6906.25","345.3125","78125","800","1100","1300","9100","2","x86-to-x64","6","current"
"20000000","8","32","2796.4058","7152037.8051","2796.875","2796.875","5593.75","279.6875","78125","800","1100","1200","36500","1","x86-to-x64","7","current"
"20000000","8","32","3023.7831","6614231.027351","3031.25","3031.25","6062.5","303.125","78125","800","1100","1300","153300","2","x86-to-x64","7","old-fence"
"20000000","8","32","3048.2122","6561223.00147","3046.875","3046.875","6093.75","304.6875","78125","800","1100","1300","12100","1","x86-to-x64","8","old-fence"
"20000000","8","32","2733.2099","7317403.613971","2734.375","2687.5","5421.875","271.09375","78125","800","1100","1200","138900","2","x86-to-x64","8","current"
"20000000","8","32","3397.6741","5886379.744308","3390.625","3390.625","6781.25","339.0625","78125","800","1100","1300","13500","1","x86-to-x64","9","current"
"20000000","8","32","3263.139","6129067.747344","3265.625","3265.625","6531.25","326.5625","78125","800","1100","1300","8100","2","x86-to-x64","9","old-fence"
"20000000","8","32","3334.0625","5998687.787047","3328.125","3312.5","6640.625","332.03125","78125","800","1100","1300","10500","1","x86-to-x64","10","old-fence"
"20000000","8","32","3131.3648","6386991.384715","3140.625","3125","6265.625","313.28125","78125","800","1100","1300","9700","2","x86-to-x64","10","current"
"20000000","8","64","4223.518","4735388.839351","4218.75","4203.125","8421.875","421.09375","78125","1400","1700","1800","10500","1","x64-to-x86","1","current"
"20000000","8","64","4410.7162","4534410.987495","4406.25","4359.375","8765.625","438.28125","78125","1500","1800","1900","10200","2","x64-to-x86","1","old-fence"
"20000000","8","64","4484.5329","4459773.279844","4484.375","4484.375","8968.75","448.4375","78125","1500","1800","1900","30600","1","x64-to-x86","2","old-fence"
"20000000","8","64","4196.6133","4765747.656569","4171.875","4187.5","8359.375","417.96875","78125","1400","1700","1800","12100","2","x64-to-x86","2","current"
"20000000","8","64","4324.7746","4624518.466234","4312.5","4328.125","8640.625","432.03125","78125","1400","1700","1900","11000","1","x64-to-x86","3","current"
"20000000","8","64","3566.2583","5608118.738903","3562.5","3562.5","7125","356.25","78125","1300","1800","1900","7600","2","x64-to-x86","3","old-fence"
"20000000","8","64","4430.1302","4514540.001556","4421.875","4406.25","8828.125","441.40625","78125","1500","1800","1900","16100","1","x64-to-x86","4","old-fence"
"20000000","8","64","4132.6045","4839563.040693","4140.625","4140.625","8281.25","414.0625","78125","1300","1600","1700","22400","2","x64-to-x86","4","current"
"20000000","8","64","4192.0308","4770957.312623","4203.125","4171.875","8375","418.75","78125","1400","1700","1800","13000","1","x64-to-x86","5","current"
"20000000","8","64","4283.8931","4668650.578606","4281.25","4265.625","8546.875","427.34375","78125","1400","1800","1900","7700","2","x64-to-x86","5","old-fence"
"20000000","8","64","4395.106","4550515.960252","4406.25","4406.25","8812.5","440.625","78125","1400","1800","1900","13000","1","x64-to-x86","6","old-fence"
"20000000","8","64","4233.0757","4724696.985693","4234.375","4187.5","8421.875","421.09375","78125","1400","1700","1800","664400","2","x64-to-x86","6","current"
"20000000","8","64","4216.2128","4743593.587117","4203.125","4218.75","8421.875","421.09375","78125","1400","1700","1900","8100","1","x64-to-x86","7","current"
"20000000","8","64","4102.6392","4874910.764758","4093.75","4093.75","8187.5","409.375","78125","1400","1800","1900","20500","2","x64-to-x86","7","old-fence"
"20000000","8","64","4025.4492","4968389.614754","4015.625","3984.375","8000","400","78125","1300","1600","1700","9500","1","x64-to-x86","8","old-fence"
"20000000","8","64","4303.0221","4647896.184405","4296.875","4296.875","8593.75","429.6875","78125","1400","1700","1900","8500","2","x64-to-x86","8","current"
"20000000","8","64","4224.0591","4734782.23825","4234.375","4234.375","8468.75","423.4375","78125","1400","1700","1800","26000","1","x64-to-x86","9","current"
"20000000","8","64","4449.8738","4494509.484741","4453.125","4437.5","8890.625","444.53125","78125","1500","1800","1900","17600","2","x64-to-x86","9","old-fence"
"20000000","8","64","4392.3984","4553321.028439","4390.625","4390.625","8781.25","439.0625","78125","1400","1800","1900","20000","1","x64-to-x86","10","old-fence"
"20000000","8","64","4218.0364","4741542.770944","4187.5","4203.125","8390.625","419.53125","78125","1400","1700","1800","8800","2","x64-to-x86","10","current"
"20000000","256","32","2053.8835","9737650.650585","2046.875","2031.25","4078.125","203.90625","78125","1800","11400","13200","696400","1","x86-to-x64","1","current"
"20000000","256","32","2647.5553","7554138.718085","2640.625","2625","5265.625","263.28125","78125","31500","34500","37400","64400","2","x86-to-x64","1","old-fence"
"20000000","256","32","2608.1847","7668168.592508","2609.375","2609.375","5218.75","260.9375","78125","31600","34500","37000","67000","1","x86-to-x64","2","old-fence"
"20000000","256","32","2034.541","9830227.0635","2046.875","2046.875","4093.75","204.6875","78125","1800","11400","33300","48400","2","x86-to-x64","2","current"
"20000000","256","32","2587.5915","7729195.276766","2578.125","2578.125","5156.25","257.8125","78125","1500","10300","32200","683300","1","x86-to-x64","3","current"
"20000000","256","32","2632.8229","7596409.162196","2625","2625","5250","262.5","78125","30100","34500","37100","70900","2","x86-to-x64","3","old-fence"
"20000000","256","32","2365.653","8454325.296229","2359.375","2359.375","4718.75","235.9375","78125","29600","34400","37400","52000","1","x86-to-x64","4","old-fence"
"20000000","256","32","1963.9607","10183503.162767","1953.125","1953.125","3906.25","195.3125","78125","2400","12200","19300","156300","2","x86-to-x64","4","current"
"20000000","256","32","2349.4746","8512541.484807","2343.75","2281.25","4625","231.25","78125","1600","11300","31300","40600","1","x86-to-x64","5","current"
"20000000","256","32","2463.5324","8118423.772304","2453.125","2468.75","4921.875","246.09375","78125","28100","34400","36300","694100","2","x86-to-x64","5","old-fence"
"20000000","256","32","2468.8889","8100810.044551","2468.75","2468.75","4937.5","246.875","78125","31800","34700","39300","59500","1","x86-to-x64","6","old-fence"
"20000000","256","32","1696.9903","11785571.196253","1703.125","1703.125","3406.25","170.3125","78125","11000","11700","12100","678700","2","x86-to-x64","6","current"
"20000000","256","32","1879.4954","10641154.003356","1859.375","1875","3734.375","186.71875","78125","2900","11600","13800","40300","1","x86-to-x64","7","current"
"20000000","256","32","2562.7214","7804203.765575","2562.5","2562.5","5125","256.25","78125","31000","34500","36100","684300","2","x86-to-x64","7","old-fence"
"20000000","256","32","2653.9498","7535937.56747","2625","2640.625","5265.625","263.28125","78125","31500","34700","37300","54800","1","x86-to-x64","8","old-fence"
"20000000","256","32","2012.7484","9936661.730796","2015.625","2015.625","4031.25","201.5625","78125","2000","11500","17400","43800","2","x86-to-x64","8","current"
"20000000","256","32","2196.4308","9105681.817975","2187.5","2187.5","4375","218.75","78125","1700","11600","29000","438900","1","x86-to-x64","9","current"
"20000000","256","32","2548.5231","7847682.447924","2546.875","2546.875","5093.75","254.6875","78125","24900","34100","38500","692900","2","x86-to-x64","9","old-fence"
"20000000","256","32","2622.9466","7625012.266738","2625","2625","5250","262.5","78125","31700","34500","37300","50100","1","x86-to-x64","10","old-fence"
"20000000","256","32","931.9403","21460602.143721","937.5","937.5","1875","93.75","78125","11400","12100","12500","29400","2","x86-to-x64","10","current"
"20000000","256","64","2179.1808","9177760.743854","2171.875","2171.875","4343.75","217.1875","78125","35800","42700","44200","708300","1","x64-to-x86","1","current"
"20000000","256","64","2991.3159","6686020.69076","2984.375","2984.375","5968.75","298.4375","78125","38100","41500","43400","62000","2","x64-to-x86","1","old-fence"
"20000000","256","64","2691.4218","7431016.572727","2687.5","2687.5","5375","268.75","78125","38100","41800","43600","720500","1","x64-to-x86","2","old-fence"
"20000000","256","64","2492.9023","8022777.306596","2484.375","2484.375","4968.75","248.4375","78125","38000","42500","44200","77600","2","x64-to-x86","2","current"
"20000000","256","64","2587.9517","7728119.500839","2578.125","2578.125","5156.25","257.8125","78125","37900","42500","44300","685200","1","x64-to-x86","3","current"
"20000000","256","64","1869.0021","10700897.553834","1859.375","1859.375","3718.75","185.9375","78125","29900","33700","36200","54900","2","x64-to-x86","3","old-fence"
"20000000","256","64","1990.3681","10048392.556131","1968.75","1968.75","3937.5","196.875","78125","15300","40600","42500","688300","1","x64-to-x86","4","old-fence"
"20000000","256","64","3104.461","6442342.165033","3109.375","3109.375","6218.75","310.9375","78125","39400","42900","44700","66200","2","x64-to-x86","4","current"
"20000000","256","64","1080.9365","18502474.47468","1078.125","1078.125","2156.25","107.8125","78125","13600","14200","15400","52500","1","x64-to-x86","5","current"
"20000000","256","64","3010.6937","6642987.295586","3015.625","3015.625","6031.25","301.5625","78125","38100","41400","43100","58100","2","x64-to-x86","5","old-fence"
"20000000","256","64","2883.9593","6934910.6279","2890.625","2890.625","5781.25","289.0625","78125","37900","41600","44300","705300","1","x64-to-x86","6","old-fence"
"20000000","256","64","3094.1902","6463726.761206","3093.75","3093.75","6187.5","309.375","78125","39400","43000","44600","61500","2","x64-to-x86","6","current"
"20000000","256","64","2896.6396","6904552.433793","2890.625","2890.625","5781.25","289.0625","78125","39500","43400","45100","69400","1","x64-to-x86","7","current"
"20000000","256","64","2651.4643","7543001.804701","2640.625","2656.25","5296.875","264.84375","78125","38500","42000","43600","68200","2","x64-to-x86","7","old-fence"
"20000000","256","64","2969.6849","6734721.249382","2968.75","2968.75","5937.5","296.875","78125","38500","41900","43600","61000","1","x64-to-x86","8","old-fence"
"20000000","256","64","2979.6415","6712216.889179","2968.75","2984.375","5953.125","297.65625","78125","38900","42700","44400","711000","2","x64-to-x86","8","current"
"20000000","256","64","2988.6062","6692082.750815","2984.375","3000","5984.375","299.21875","78125","39700","43900","46300","79200","1","x64-to-x86","9","current"
"20000000","256","64","2957.4101","6762673.867922","2953.125","2953.125","5906.25","295.3125","78125","37900","41400","44300","67200","2","x64-to-x86","9","old-fence"
"20000000","256","64","2943.4783","6794682.332124","2953.125","2953.125","5906.25","295.3125","78125","37300","40500","41900","70600","1","x64-to-x86","10","old-fence"
"20000000","256","64","2420.8599","8261527.236665","2421.875","2421.875","4843.75","242.1875","78125","38200","43200","44900","687900","2","x64-to-x86","10","current"
