"messages","capacity","producer_bits","wall_ms","throughput_per_second","producer_cpu_ms","consumer_cpu_ms","total_cpu_ms","cpu_ns_per_message","latency_samples","latency_p50_ns","latency_p95_ns","latency_p99_ns","latency_max_ns","variant","direction","round","order"
"2000000","8","32","162.878100","12279121.625314","156.250000","78.125000","234.375000","117.187500","7813","400.000000","700.000000","800.000000","10800.000000","current","x86-to-x64","1","1"
"2000000","8","32","183.330300","10909271.407945","187.500000","187.500000","375.000000","187.500000","7813","500.000000","800.000000","900.000000","9800.000000","old-fence","x86-to-x64","1","2"
"2000000","8","32","167.108800","11968250.624743","171.875000","156.250000","328.125000","164.062500","7813","400.000000","800.000000","800.000000","9300.000000","old-fence","x86-to-x64","2","1"
"2000000","8","32","185.648000","10773075.928639","187.500000","187.500000","375.000000","187.500000","7813","500.000000","800.000000","900.000000","5800.000000","current","x86-to-x64","2","2"
"2000000","8","32","163.564900","12227562.270389","171.875000","171.875000","343.750000","171.875000","7813","400.000000","700.000000","800.000000","12800.000000","current","x86-to-x64","3","1"
"2000000","8","32","148.625700","13456622.912457","140.625000","140.625000","281.250000","140.625000","7813","300.000000","700.000000","800.000000","8700.000000","old-fence","x86-to-x64","3","2"
"2000000","8","32","184.295900","10852113.367688","171.875000","171.875000","343.750000","171.875000","7813","500.000000","800.000000","900.000000","9900.000000","old-fence","x86-to-x64","4","1"
"2000000","8","32","159.066100","12573389.301680","156.250000","156.250000","312.500000","156.250000","7813","400.000000","800.000000","900.000000","12100.000000","current","x86-to-x64","4","2"
"2000000","8","32","194.447600","10285547.365974","203.125000","109.375000","312.500000","156.250000","7813","600.000000","800.000000","900.000000","10800.000000","current","x86-to-x64","5","1"
"2000000","8","32","140.354500","14249632.181369","140.625000","46.875000","187.500000","93.750000","7813","300.000000","700.000000","800.000000","8700.000000","old-fence","x86-to-x64","5","2"
"2000000","8","32","157.582400","12691772.685274","156.250000","156.250000","312.500000","156.250000","7813","300.000000","700.000000","800.000000","11100.000000","old-fence","x86-to-x64","6","1"
"2000000","8","32","151.654100","13187905.899016","140.625000","109.375000","250.000000","125.000000","7813","300.000000","700.000000","800.000000","14600.000000","current","x86-to-x64","6","2"
"2000000","8","64","240.228100","8325420.714729","234.375000","218.750000","453.125000","226.562500","7813","800.000000","1000.000000","1000.000000","25600.000000","current","x64-to-x86","1","1"
"2000000","8","64","246.010800","8129724.386084","250.000000","171.875000","421.875000","210.937500","7813","800.000000","1000.000000","1100.000000","11600.000000","old-fence","x64-to-x86","1","2"
"2000000","8","64","223.736100","8939102.809068","234.375000","234.375000","468.750000","234.375000","7813","700.000000","1000.000000","1100.000000","39300.000000","old-fence","x64-to-x86","2","1"
"2000000","8","64","243.387600","8217345.501579","234.375000","203.125000","437.500000","218.750000","7813","800.000000","1000.000000","1100.000000","15500.000000","current","x64-to-x86","2","2"
"2000000","8","64","260.260400","7684611.258570","250.000000","234.375000","484.375000","242.187500","7813","900.000000","1000.000000","1100.000000","15500.000000","current","x64-to-x86","3","1"
"2000000","8","64","239.642500","8345765.045850","250.000000","187.500000","437.500000","218.750000","7813","800.000000","1000.000000","1200.000000","20100.000000","old-fence","x64-to-x86","3","2"
"2000000","8","64","255.674200","7822455.296624","250.000000","250.000000","500.000000","250.000000","7813","900.000000","1000.000000","1100.000000","26500.000000","old-fence","x64-to-x86","4","1"
"2000000","8","64","251.277800","7959318.332141","250.000000","109.375000","359.375000","179.687500","7813","800.000000","1000.000000","1100.000000","8700.000000","current","x64-to-x86","4","2"
"2000000","8","64","242.903600","8233719.055625","234.375000","187.500000","421.875000","210.937500","7813","800.000000","900.000000","1000.000000","17600.000000","current","x64-to-x86","5","1"
"2000000","8","64","232.712800","8594284.457065","218.750000","187.500000","406.250000","203.125000","7813","700.000000","1000.000000","1100.000000","17500.000000","old-fence","x64-to-x86","5","2"
"2000000","8","64","232.786000","8591581.967988","234.375000","156.250000","390.625000","195.312500","7813","700.000000","1000.000000","1100.000000","25200.000000","old-fence","x64-to-x86","6","1"
"2000000","8","64","240.237900","8325081.096696","234.375000","187.500000","421.875000","210.937500","7813","800.000000","1000.000000","1100.000000","15600.000000","current","x64-to-x86","6","2"
"2000000","256","32","173.394500","11534391.229249","171.875000","171.875000","343.750000","171.875000","7813","26000.000000","27700.000000","29100.000000","63100.000000","current","x86-to-x64","1","1"
"2000000","256","32","190.831300","10480461.014519","187.500000","187.500000","375.000000","187.500000","7813","27700.000000","28700.000000","29500.000000","60000.000000","old-fence","x86-to-x64","1","2"
"2000000","256","32","148.424100","13474900.639451","140.625000","140.625000","281.250000","140.625000","7813","16300.000000","28100.000000","28600.000000","42900.000000","old-fence","x86-to-x64","2","1"
"2000000","256","32","218.354500","9159417.369461","218.750000","218.750000","437.500000","218.750000","7813","27300.000000","28300.000000","30200.000000","79000.000000","current","x86-to-x64","2","2"
"2000000","256","32","175.167000","11417675.703757","171.875000","125.000000","296.875000","148.437500","7813","17100.000000","29500.000000","30700.000000","108300.000000","current","x86-to-x64","3","1"
"2000000","256","32","165.364400","12094501.597684","171.875000","171.875000","343.750000","171.875000","7813","16300.000000","28500.000000","29000.000000","75300.000000","old-fence","x86-to-x64","3","2"
"2000000","256","32","185.751900","10767050.027483","187.500000","187.500000","375.000000","187.500000","7813","27500.000000","28700.000000","30400.000000","58700.000000","old-fence","x86-to-x64","4","1"
"2000000","256","32","139.352400","14352103.013655","140.625000","93.750000","234.375000","117.187500","7813","16100.000000","26800.000000","27900.000000","56400.000000","current","x86-to-x64","4","2"
"2000000","256","32","164.040600","12192103.662142","171.875000","171.875000","343.750000","171.875000","7813","16300.000000","27800.000000","29200.000000","77800.000000","current","x86-to-x64","5","1"
"2000000","256","32","185.319200","10792189.908007","187.500000","171.875000","359.375000","179.687500","7813","27500.000000","28900.000000","31200.000000","76100.000000","old-fence","x86-to-x64","5","2"
"2000000","256","32","163.934300","12200009.394007","171.875000","171.875000","343.750000","171.875000","7813","16400.000000","28200.000000","28700.000000","66900.000000","old-fence","x86-to-x64","6","1"
"2000000","256","32","204.053500","9801351.116251","203.125000","203.125000","406.250000","203.125000","7813","26800.000000","28100.000000","30100.000000","67000.000000","current","x86-to-x64","6","2"
"2000000","256","64","232.394500","8606055.651059","234.375000","234.375000","468.750000","234.375000","7813","29300.000000","31600.000000","33000.000000","110900.000000","current","x64-to-x86","1","1"
"2000000","256","64","250.605200","7980680.368963","250.000000","250.000000","500.000000","250.000000","7813","32000.000000","34000.000000","43400.000000","172500.000000","old-fence","x64-to-x86","1","2"
"2000000","256","64","229.375200","8719338.446353","234.375000","234.375000","468.750000","234.375000","7813","30400.000000","32100.000000","34500.000000","100000.000000","old-fence","x64-to-x86","2","1"
"2000000","256","64","242.131500","8259974.435379","234.375000","234.375000","468.750000","234.375000","7813","29900.000000","36400.000000","59100.000000","105000.000000","current","x64-to-x86","2","2"
"2000000","256","64","235.106900","8506768.623124","234.375000","234.375000","468.750000","234.375000","7813","29800.000000","32300.000000","33500.000000","83500.000000","current","x64-to-x86","3","1"
"2000000","256","64","240.484800","8316533.934785","234.375000","218.750000","453.125000","226.562500","7813","30700.000000","31900.000000","35700.000000","75100.000000","old-fence","x64-to-x86","3","2"
"2000000","256","64","245.583900","8143856.335859","234.375000","218.750000","453.125000","226.562500","7813","30900.000000","32700.000000","35400.000000","100800.000000","old-fence","x64-to-x86","4","1"
"2000000","256","64","244.705200","8173099.713451","234.375000","234.375000","468.750000","234.375000","7813","31000.000000","33400.000000","44600.000000","73700.000000","current","x64-to-x86","4","2"
"2000000","256","64","229.619200","8710073.025252","234.375000","234.375000","468.750000","234.375000","7813","28700.000000","31400.000000","32800.000000","69100.000000","current","x64-to-x86","5","1"
"2000000","256","64","233.910300","8550286.156702","250.000000","250.000000","500.000000","250.000000","7813","30000.000000","31400.000000","38600.000000","73400.000000","old-fence","x64-to-x86","5","2"
"2000000","256","64","208.264900","9603154.444172","203.125000","203.125000","406.250000","203.125000","7813","25600.000000","31300.000000","41900.000000","92800.000000","old-fence","x64-to-x86","6","1"
"2000000","256","64","227.353100","8796889.068150","234.375000","234.375000","468.750000","234.375000","7813","28100.000000","31200.000000","32300.000000","63900.000000","current","x64-to-x86","6","2"
