"architecture","variant","round","bytes","iterations","copy_total_us","copy_us_per_iteration"
"x86","row-reference","1","65536","512","3221.5","6.292"
"x86","row-reference","1","524288","128","3373.4","26.355"
"x86","row-reference","1","2097152","64","6385.5","99.773"
"x86","optimized","1","65536","512","757.5","1.479"
"x86","optimized","1","524288","128","2574.9","20.116"
"x86","optimized","1","2097152","64","7383.2","115.362"
"x86","optimized","2","65536","512","757.7","1.48"
"x86","optimized","2","524288","128","2464.7","19.255"
"x86","optimized","2","2097152","64","5487.5","85.742"
"x86","row-reference","2","65536","512","3160.3","6.172"
"x86","row-reference","2","524288","128","2578","20.141"
"x86","row-reference","2","2097152","64","5674.5","88.664"
"x86","row-reference","3","65536","512","3166","6.184"
"x86","row-reference","3","524288","128","2636.8","20.6"
"x86","row-reference","3","2097152","64","7365.2","115.081"
"x86","optimized","3","65536","512","755.6","1.476"
"x86","optimized","3","524288","128","2378.4","18.581"
"x86","optimized","3","2097152","64","4284.7","66.948"
"x86","optimized","4","65536","512","754.7","1.474"
"x86","optimized","4","524288","128","2386.5","18.645"
"x86","optimized","4","2097152","64","5227.3","81.677"
"x86","row-reference","4","65536","512","3188.1","6.227"
"x86","row-reference","4","524288","128","2554.7","19.959"
"x86","row-reference","4","2097152","64","6040.5","94.383"
"x86","row-reference","5","65536","512","3225.4","6.3"
"x86","row-reference","5","524288","128","2708.5","21.16"
"x86","row-reference","5","2097152","64","4844.8","75.7"
"x86","optimized","5","65536","512","754.5","1.474"
"x86","optimized","5","524288","128","2396.3","18.721"
"x86","optimized","5","2097152","64","5047.5","78.867"
