"iterations","elapsed_ns","ns_per_call","allocations","allocated_bytes","variant","round","architecture"
"2000000","10941700","5.470850","0","0","current","1","x86"
"2000000","84039000","42.019500","2000000","160000000","old-signature","1","x86"
"2000000","82201100","41.100550","2000000","160000000","old-signature","2","x86"
"2000000","11183700","5.591850","0","0","current","2","x86"
"2000000","11024900","5.512450","0","0","current","3","x86"
"2000000","82389600","41.194800","2000000","160000000","old-signature","3","x86"
"2000000","82716300","41.358150","2000000","160000000","old-signature","4","x86"
"2000000","11134700","5.567350","0","0","current","4","x86"
"2000000","12760600","6.380300","0","0","current","5","x86"
"2000000","102366900","51.183450","2000000","160000000","old-signature","5","x86"
"2000000","82343400","41.171700","2000000","160000000","old-signature","6","x86"
"2000000","10903200","5.451600","0","0","current","6","x86"
"2000000","10884700","5.442350","0","0","current","7","x86"
"2000000","82034000","41.017000","2000000","160000000","old-signature","7","x86"
"2000000","82040200","41.020100","2000000","160000000","old-signature","8","x86"
"2000000","10816400","5.408200","0","0","current","8","x86"
"2000000","9008900","4.504450","0","0","current","1","x64"
"2000000","65792900","32.896450","2000000","160000000","old-signature","1","x64"
"2000000","64281900","32.140950","2000000","160000000","old-signature","2","x64"
"2000000","9045800","4.522900","0","0","current","2","x64"
"2000000","8973800","4.486900","0","0","current","3","x64"
"2000000","67110600","33.555300","2000000","160000000","old-signature","3","x64"
"2000000","64351500","32.175750","2000000","160000000","old-signature","4","x64"
"2000000","9001000","4.500500","0","0","current","4","x64"
"2000000","8940200","4.470100","0","0","current","5","x64"
"2000000","64307800","32.153900","2000000","160000000","old-signature","5","x64"
"2000000","64392400","32.196200","2000000","160000000","old-signature","6","x64"
"2000000","8937100","4.468550","0","0","current","6","x64"
"2000000","9107600","4.553800","0","0","current","7","x64"
"2000000","65568200","32.784100","2000000","160000000","old-signature","7","x64"
"2000000","70343200","35.171600","2000000","160000000","old-signature","8","x64"
"2000000","8945400","4.472700","0","0","current","8","x64"
