"architecture","variant","round","format","width","height","bytes","iterations","copy_total_us","copy_us_per_iteration"
"x86","row-reference","1","21","64","64","16384","2048","1372.1","0.67"
"x86","row-reference","1","21","256","256","262144","256","1239.4","4.841"
"x86","row-reference","1","21","1024","1024","4194304","32","2226.7","69.584"
"x86","row-reference","1","827611204","256","256","32768","1024","724.8","0.708"
"x86","row-reference","1","894720068","1024","1024","1048576","128","2247.8","17.561"
"x86","optimized","1","21","64","64","16384","2048","296.7","0.145"
"x86","optimized","1","21","256","256","262144","256","520.6","2.034"
"x86","optimized","1","21","1024","1024","4194304","32","2113.3","66.041"
"x86","optimized","1","827611204","256","256","32768","1024","256.6","0.251"
"x86","optimized","1","894720068","1024","1024","1048576","128","2049.2","16.009"
"x86","optimized","2","21","64","64","16384","2048","294.4","0.144"
"x86","optimized","2","21","256","256","262144","256","546.5","2.135"
"x86","optimized","2","21","1024","1024","4194304","32","2287.3","71.478"
"x86","optimized","2","827611204","256","256","32768","1024","259.6","0.254"
"x86","optimized","2","894720068","1024","1024","1048576","128","2024.9","15.82"
"x86","row-reference","2","21","64","64","16384","2048","1302.8","0.636"
"x86","row-reference","2","21","256","256","262144","256","1248.3","4.876"
"x86","row-reference","2","21","1024","1024","4194304","32","2467.9","77.122"
"x86","row-reference","2","827611204","256","256","32768","1024","719.2","0.702"
"x86","row-reference","2","894720068","1024","1024","1048576","128","2247.6","17.559"
"x86","row-reference","3","21","64","64","16384","2048","1317","0.643"
"x86","row-reference","3","21","256","256","262144","256","1235.8","4.827"
"x86","row-reference","3","21","1024","1024","4194304","32","2376.3","74.259"
"x86","row-reference","3","827611204","256","256","32768","1024","710.5","0.694"
"x86","row-reference","3","894720068","1024","1024","1048576","128","2183.7","17.06"
"x86","optimized","3","21","64","64","16384","2048","290.9","0.142"
"x86","optimized","3","21","256","256","262144","256","510.6","1.995"
"x86","optimized","3","21","1024","1024","4194304","32","2273.3","71.041"
"x86","optimized","3","827611204","256","256","32768","1024","246.8","0.241"
"x86","optimized","3","894720068","1024","1024","1048576","128","2038.6","15.927"
"x86","optimized","4","21","64","64","16384","2048","292.6","0.143"
"x86","optimized","4","21","256","256","262144","256","514.1","2.008"
"x86","optimized","4","21","1024","1024","4194304","32","2265.5","70.797"
"x86","optimized","4","827611204","256","256","32768","1024","254","0.248"
"x86","optimized","4","894720068","1024","1024","1048576","128","2043.8","15.967"
"x86","row-reference","4","21","64","64","16384","2048","1288.4","0.629"
"x86","row-reference","4","21","256","256","262144","256","1003","3.918"
"x86","row-reference","4","21","1024","1024","4194304","32","2434.7","76.084"
"x86","row-reference","4","827611204","256","256","32768","1024","717.3","0.7"
"x86","row-reference","4","894720068","1024","1024","1048576","128","2182.2","17.048"
"x86","row-reference","5","21","64","64","16384","2048","1296.6","0.633"
"x86","row-reference","5","21","256","256","262144","256","1238","4.836"
"x86","row-reference","5","21","1024","1024","4194304","32","2221.2","69.412"
"x86","row-reference","5","827611204","256","256","32768","1024","718.5","0.702"
"x86","row-reference","5","894720068","1024","1024","1048576","128","2215.6","17.309"
"x86","optimized","5","21","64","64","16384","2048","291.2","0.142"
"x86","optimized","5","21","256","256","262144","256","519.9","2.031"
"x86","optimized","5","21","1024","1024","4194304","32","2313.3","72.291"
"x86","optimized","5","827611204","256","256","32768","1024","257.7","0.252"
"x86","optimized","5","894720068","1024","1024","1048576","128","2043.1","15.962"
